{"train_time":{"0":36.6899957657,"1":37.8483304977,"2":42.6757912636,"3":48.4812755585,"4":44.7423861027},"test_time":{"0":0.0009999275,"1":0.0009996891,"2":0.0010001659,"3":0.0010001659,"4":0.0009999275}}