{"train_time":{"0":68.995497942,"1":73.2076547146,"2":60.9196779728,"3":55.4052619934,"4":47.9245817661},"test_time":{"0":0.0009999275,"1":0.0019974709,"2":0.001979351,"3":0.0019989014,"4":0.0019996166}}