{"train_time":{"0":27.256393671,"1":30.338041544,"2":29.3871753216,"3":29.0043766499,"4":22.0653653145},"test_time":{"0":0.0019991398,"1":0.0009799004,"2":0.0,"3":0.0009806156,"4":0.0009799004}}