{"accuracy_score":{"0":0.4439215686,"1":0.4525490196,"2":0.4635294118,"3":0.4494117647,"4":0.4643137255},"hamming_loss":{"0":0.1483921569,"1":0.1435294118,"2":0.1410196078,"3":0.1450980392,"4":0.150745098},"f1_score":{"0":0.4562539683,"1":0.4670364146,"2":0.4714771242,"3":0.4726834734,"4":0.4816078431},"precision_score":{"0":0.4882352941,"1":0.4905882353,"2":0.4962091503,"3":0.5039215686,"4":0.5149019608},"recall_score":{"0":0.4477647059,"1":0.4651503268,"2":0.4694117647,"3":0.4652810458,"4":0.475503268}}