{"train_time":{"0":12.7446856499,"1":10.7898404598,"2":11.9397537708,"3":9.9823026657,"4":11.286536932},"test_time":{"0":0.0010004044,"1":0.0009999275,"2":0.0,"3":0.0009994507,"4":0.0009801388}}