{"train_time":{"0":47.9985187054,"1":32.416785717,"2":35.6925644875,"3":37.5355091095,"4":44.2006947994},"test_time":{"0":0.003998518,"1":0.0039973259,"2":0.0039968491,"3":0.0039970875,"4":0.0049982071}}