{"accuracy_score":{"0":0.4588235294,"1":0.4603921569,"2":0.4423529412,"3":0.4533333333,"4":0.4635294118},"hamming_loss":{"0":0.1618823529,"1":0.1647058824,"2":0.1700392157,"3":0.1620392157,"4":0.16},"f1_score":{"0":0.5341830065,"1":0.5097908497,"2":0.5114976657,"3":0.5123398693,"4":0.5049486461},"precision_score":{"0":0.56,"1":0.5277124183,"2":0.5288888889,"3":0.5277124183,"4":0.5164705882},"recall_score":{"0":0.5420653595,"1":0.5242222222,"2":0.5307973856,"3":0.5278300654,"4":0.5225882353}}