{"train_time":{"0":18.4004659653,"1":17.512976408,"2":18.5873579979,"3":18.1795914173,"4":16.6163473129},"test_time":{"0":0.0019993782,"1":0.0010006428,"2":0.0019991398,"3":0.0010001659,"4":0.0019996166}}