{"train_time":{"0":24.312079668,"1":21.1298794746,"2":34.8540456295,"3":32.1366040707,"4":24.9147343636},"test_time":{"0":0.00299716,"1":0.0029964447,"2":0.0029988289,"3":0.0029985905,"4":0.0019986629}}