{"train_time":{"0":11.3454871178,"1":10.2351222038,"2":10.4040420055,"3":10.7758309841,"4":9.7494211197},"test_time":{"0":0.0009996891,"1":0.000980854,"2":0.0010001659,"3":0.001001358,"4":0.0009989738}}