{"train_time":{"0":0.5676753521,"1":0.5586812496,"2":0.5636789799,"3":0.5656762123,"4":0.5706925392},"test_time":{"0":0.0439753532,"1":0.0429742336,"2":0.0439751148,"3":0.043974638,"4":0.0429568291}}