{"train_time":{"0":1.3172459602,"1":1.294257164,"2":1.3212442398,"3":1.3092479706,"4":1.3072524071},"test_time":{"0":0.0799558163,"1":0.078974247,"2":0.0799536705,"3":0.0799503326,"4":0.0789542198}}