{"accuracy_score":{"0":0.4658823529,"1":0.457254902,"2":0.457254902,"3":0.4611764706,"4":0.4619607843},"hamming_loss":{"0":0.1664313725,"1":0.168,"2":0.1637647059,"3":0.169254902,"4":0.1661176471},"f1_score":{"0":0.4850718954,"1":0.4798991597,"2":0.4900915033,"3":0.4789971989,"4":0.4726143791},"precision_score":{"0":0.511503268,"1":0.5155555556,"2":0.5214379085,"3":0.5096732026,"4":0.5034771242},"recall_score":{"0":0.4852418301,"1":0.4723529412,"2":0.4855163399,"3":0.4733594771,"4":0.4663398693}}