{"train_time":{"0":0.2708463669,"1":0.2718462944,"2":0.2818381786,"3":0.2738449574,"4":0.284835577},"test_time":{"0":0.0269844532,"1":0.0269854069,"2":0.0259852409,"3":0.02698493,"4":0.0269844532}}