{"train_time":{"0":0.8925077915,"1":0.9044823647,"2":0.8904919624,"3":0.8974871635,"4":0.8685185909},"test_time":{"0":0.061964035,"1":0.0729756355,"2":0.0619647503,"3":0.0609841347,"4":0.0609648228}}